{
  "0": {
    "Level": 0,
    "Common": 1.0,
    "Rare": 0.0,
    "Epic": 0.0,
    "Legendary": 0.0,
    "Ultimate": 0.0,
    "Mythic": 0.0
  },
  "1": {
    "Level": 1,
    "Common": 0.9950000001117587,
    "Rare": 0.004999999888241291,
    "Epic": 0.0,
    "Legendary": 0.0,
    "Ultimate": 0.0,
    "Mythic": 0.0
  },
  "2": {
    "Level": 2,
    "Common": 0.9931000000797212,
    "Rare": 0.006899999920278788,
    "Epic": 0.0,
    "Legendary": 0.0,
    "Ultimate": 0.0,
    "Mythic": 0.0
  },
  "3": {
    "Level": 3,
    "Common": 0.9905000000726432,
    "Rare": 0.00949999992735684,
    "Epic": 0.0,
    "Legendary": 0.0,
    "Ultimate": 0.0,
    "Mythic": 0.0
  },
  "4": {
    "Level": 4,
    "Common": 0.9868999999016523,
    "Rare": 0.013100000098347664,
    "Epic": 0.0,
    "Legendary": 0.0,
    "Ultimate": 0.0,
    "Mythic": 0.0
  },
  "5": {
    "Level": 5,
    "Common": 0.981900000013411,
    "Rare": 0.018099999986588955,
    "Epic": 0.0,
    "Legendary": 0.0,
    "Ultimate": 0.0,
    "Mythic": 0.0
  },
  "6": {
    "Level": 6,
    "Common": 0.9750000000931323,
    "Rare": 0.024999999906867743,
    "Epic": 0.0,
    "Legendary": 0.0,
    "Ultimate": 0.0,
    "Mythic": 0.0
  },
  "7": {
    "Level": 7,
    "Common": 0.9654999999329448,
    "Rare": 0.034500000067055225,
    "Epic": 0.0,
    "Legendary": 0.0,
    "Ultimate": 0.0,
    "Mythic": 0.0
  },
  "8": {
    "Level": 8,
    "Common": 0.9499999999534339,
    "Rare": 0.05000000004656613,
    "Epic": 0.0,
    "Legendary": 0.0,
    "Ultimate": 0.0,
    "Mythic": 0.0
  },
  "9": {
    "Level": 9,
    "Common": 0.9290000000037253,
    "Rare": 0.07000000006519258,
    "Epic": 0.0009999999310821295,
    "Legendary": 0.0,
    "Ultimate": 0.0,
    "Mythic": 0.0
  },
  "10": {
    "Level": 10,
    "Common": 0.9002000000327826,
    "Rare": 0.09799999999813735,
    "Epic": 0.0017999999690800905,
    "Legendary": 0.0,
    "Ultimate": 0.0,
    "Mythic": 0.0
  },
  "11": {
    "Level": 11,
    "Common": 0.8596000000834465,
    "Rare": 0.1371999999973923,
    "Epic": 0.0031999999191612005,
    "Legendary": 0.0,
    "Ultimate": 0.0,
    "Mythic": 0.0
  },
  "12": {
    "Level": 12,
    "Common": 0.8020999999716878,
    "Rare": 0.19210000010207295,
    "Epic": 0.005799999926239252,
    "Legendary": 0.0,
    "Ultimate": 0.0,
    "Mythic": 0.0
  },
  "13": {
    "Level": 13,
    "Common": 0.7205999998841435,
    "Rare": 0.2689000000245869,
    "Epic": 0.010500000091269612,
    "Legendary": 0.0,
    "Ultimate": 0.0,
    "Mythic": 0.0
  },
  "14": {
    "Level": 14,
    "Common": 0.6045999999623746,
    "Rare": 0.3765000000130385,
    "Epic": 0.018900000024586916,
    "Legendary": 0.0,
    "Ultimate": 0.0,
    "Mythic": 0.0
  },
  "15": {
    "Level": 15,
    "Common": 0.4388999999500811,
    "Rare": 0.52710000006482,
    "Epic": 0.03399999998509884,
    "Legendary": 0.0,
    "Ultimate": 0.0,
    "Mythic": 0.0
  },
  "16": {
    "Level": 16,
    "Common": 0.3511000000871718,
    "Rare": 0.5989000000990927,
    "Epic": 0.05000000004656613,
    "Legendary": 0.0,
    "Ultimate": 0.0,
    "Mythic": 0.0
  },
  "17": {
    "Level": 17,
    "Common": 0.2808999998960644,
    "Rare": 0.6481000001076609,
    "Epic": 0.07000000006519258,
    "Legendary": 0.0009999999310821295,
    "Ultimate": 0.0,
    "Mythic": 0.0
  },
  "18": {
    "Level": 18,
    "Common": 0.22469999990426004,
    "Rare": 0.6754999998956919,
    "Epic": 0.09799999999813735,
    "Legendary": 0.0017999999690800905,
    "Ultimate": 0.0,
    "Mythic": 0.0
  },
  "19": {
    "Level": 19,
    "Common": 0.17980000004172325,
    "Rare": 0.6798000000417233,
    "Epic": 0.1371999999973923,
    "Legendary": 0.0031999999191612005,
    "Ultimate": 0.0,
    "Mythic": 0.0
  },
  "20": {
    "Level": 20,
    "Common": 0.1650000000372529,
    "Rare": 0.6370999999344349,
    "Epic": 0.19210000010207295,
    "Legendary": 0.005799999926239252,
    "Ultimate": 0.0,
    "Mythic": 0.0
  },
  "21": {
    "Level": 21,
    "Common": 0.1650000000372529,
    "Rare": 0.5556000000797212,
    "Epic": 0.2689000000245869,
    "Legendary": 0.010500000091269612,
    "Ultimate": 0.0,
    "Mythic": 0.0
  },
  "22": {
    "Level": 22,
    "Common": 0.1650000000372529,
    "Rare": 0.43959999992512167,
    "Epic": 0.3765000000130385,
    "Legendary": 0.018900000024586916,
    "Ultimate": 0.0,
    "Mythic": 0.0
  },
  "23": {
    "Level": 23,
    "Common": 0.1650000000372529,
    "Rare": 0.2738999999128282,
    "Epic": 0.52710000006482,
    "Legendary": 0.03399999998509884,
    "Ultimate": 0.0,
    "Mythic": 0.0
  },
  "24": {
    "Level": 24,
    "Common": 0.1650000000372529,
    "Rare": 0.1650000000372529,
    "Epic": 0.6200000001117587,
    "Legendary": 0.05000000004656613,
    "Ultimate": 0.0,
    "Mythic": 0.0
  },
  "25": {
    "Level": 25,
    "Common": 0.1650000000372529,
    "Rare": 0.1650000000372529,
    "Epic": 0.5989999999292195,
    "Legendary": 0.07000000006519258,
    "Ultimate": 0.0009999999310821295,
    "Mythic": 0.0
  },
  "26": {
    "Level": 26,
    "Common": 0.1650000000372529,
    "Rare": 0.1650000000372529,
    "Epic": 0.5701999999582767,
    "Legendary": 0.09799999999813735,
    "Ultimate": 0.0017999999690800905,
    "Mythic": 0.0
  },
  "27": {
    "Level": 27,
    "Common": 0.1650000000372529,
    "Rare": 0.1650000000372529,
    "Epic": 0.5296000000089407,
    "Legendary": 0.1371999999973923,
    "Ultimate": 0.0031999999191612005,
    "Mythic": 0.0
  },
  "28": {
    "Level": 28,
    "Common": 0.1650000000372529,
    "Rare": 0.1650000000372529,
    "Epic": 0.472099999897182,
    "Legendary": 0.19210000010207295,
    "Ultimate": 0.005799999926239252,
    "Mythic": 0.0
  },
  "29": {
    "Level": 29,
    "Common": 0.1650000000372529,
    "Rare": 0.1650000000372529,
    "Epic": 0.3906000000424683,
    "Legendary": 0.2689000000245869,
    "Ultimate": 0.010500000091269612,
    "Mythic": 0.0
  },
  "30": {
    "Level": 30,
    "Common": 0.1650000000372529,
    "Rare": 0.1650000000372529,
    "Epic": 0.27459999988786876,
    "Legendary": 0.3765000000130385,
    "Ultimate": 0.018900000024586916,
    "Mythic": 0.0
  },
  "31": {
    "Level": 31,
    "Common": 0.1650000000372529,
    "Rare": 0.1650000000372529,
    "Epic": 0.1650000000372529,
    "Legendary": 0.47099999990314245,
    "Ultimate": 0.03399999998509884,
    "Mythic": 0.0
  },
  "32": {
    "Level": 32,
    "Common": 0.1650000000372529,
    "Rare": 0.1650000000372529,
    "Epic": 0.1650000000372529,
    "Legendary": 0.4550000000745058,
    "Ultimate": 0.05000000004656613,
    "Mythic": 0.0
  },
  "33": {
    "Level": 33,
    "Common": 0.1650000000372529,
    "Rare": 0.1650000000372529,
    "Epic": 0.1650000000372529,
    "Legendary": 0.4339999998919666,
    "Ultimate": 0.07000000006519258,
    "Mythic": 0.0009999999310821295
  },
  "34": {
    "Level": 34,
    "Common": 0.1650000000372529,
    "Rare": 0.1650000000372529,
    "Epic": 0.1650000000372529,
    "Legendary": 0.40519999992102385,
    "Ultimate": 0.09799999999813735,
    "Mythic": 0.0017999999690800905
  },
  "35": {
    "Level": 35,
    "Common": 0.1650000000372529,
    "Rare": 0.1650000000372529,
    "Epic": 0.1650000000372529,
    "Legendary": 0.3645999999716878,
    "Ultimate": 0.1371999999973923,
    "Mythic": 0.0031999999191612005
  },
  "36": {
    "Level": 36,
    "Common": 0.1650000000372529,
    "Rare": 0.1650000000372529,
    "Epic": 0.1650000000372529,
    "Legendary": 0.30710000009275973,
    "Ultimate": 0.19210000010207295,
    "Mythic": 0.005799999926239252
  },
  "37": {
    "Level": 37,
    "Common": 0.1650000000372529,
    "Rare": 0.1650000000372529,
    "Epic": 0.1650000000372529,
    "Legendary": 0.2256000000052154,
    "Ultimate": 0.2689000000245869,
    "Mythic": 0.010500000091269612
  },
  "38": {
    "Level": 38,
    "Common": 0.1650000000372529,
    "Rare": 0.1650000000372529,
    "Epic": 0.1650000000372529,
    "Legendary": 0.1650000000372529,
    "Ultimate": 0.3211000000592321,
    "Mythic": 0.018900000024586916
  },