{
  "ForgeCost": 1,
  "FreeForgeUpgrades": 3,
  "ForgeGemSkipCostPerSecond": 0.013000000035390258,
  "TechTreeGemSkipCostPerSecond": 0.003000000026077032,
  "PetGemSkipCostPerSecond": 0.003000000026077032
}